,3UG9,1C3W,1UAZ,1VGO,6GUX,4FBZ,4JR8,4PXK,5KKH,6NWD,5AZD,3DDL,6KFQ,4JQ6,4KLY,8CQC,4HYJ,7AVN,6JO0,6LM0,6LM1,8H79,7W74,8ANQ,7YTB,7BMH,6GYH,5AWZ,3AM6,3A7K,5B2N,6XL3,7ZOU,8XX8,3X3C,8QLF,8JH0,7E4G,6EYU,7ZMY,6EID,5ZIH,7AKY,7W9W,8YEJ,8YEL,8GI9,8H86,8H87,8JXO,6CSM,6CSN,1JGJ,1XIO,7CJ3,7PL9,6SQG,7AKW,8WEW,6IS6,6SU3,A1ACR1_J318_refine3,bReaChES_J215_refine6,ChroME2s_J227_refine3,CnChR2_J230_refine9,CoChR_J248_refine7,KnChR_J444_refine5,R2ACR_J315_refine8,TsChR_J132_refine3,48C12_model_0,8qlf,AaClR_model_0,AbHeR_model_0,AntR_model_0,AR1_model_0,AR2_model_0,AR3_model_0,ARII_model_0,ARI_model_0,ASR_model_0,B1ChR2_model_0,BcXeR_model_0,BeRGC_model_0,CaChR1_model_0,CaRGC_model_0,CfRhoPDE_model_0,ChR2_model_0,ChRmine_model_0,ChRWR_model_0,CnChR1_model_0,cR3_model_0,CrChR1_model_0,CsR_model_0,Ct_RB_model_0,cyR2_P7104R_model_0,cyR_N2098R_model_0,cyR_N4075R_model_0,dR3_model_0,ErNaR_model_0,ESR_model_0,FR_model_0,GpRGC2_model_0,GPR_A18L_model_0,GR_model_0,GtACR1_model_0,GtACR2_model_0,GtCCR1_model_0,GtCCR2_model_0,GtCCR3_model_0,GtCCR4_model_0,GtCCR5_model_0,H75BPR_D97N_model_0,HcCCR_model_0,HcKCR1_model_0,HcKCR2_model_0,HKR1_model_0,HmBRII_model_0,HmBRI_D94N_model_0,HmHR_model_0,HmSRIII_model_0,HmSRII_model_0,HmSRI_model_0,HsBR_model_0,HsHR_model_0,HsSRI_model_0,HulaCCR1_model_0,HwBR_model_0,HwMR_model_0,HxAR_model_0,IaNaR_model_0,iC___model_0,Jaws_model_0,JsNaR_model_0,Kin4B8_model_0,KR1_model_0,KR2_model_0,MacR_model_0,Mac_model_0,Med12BPR_model_0,MerMAID1_model_0,MrHR_model_0,MsSzR_model_0,MtSzR_model_0,NdR1_model_0,NdR2_model_0,NeoR_model_0,NmClR_model_0,NmNaR_model_0,NmPR_model_0,NpHR_model_0,NpSRII_model_0,NR_model_0,NsXeR_model_0,O1O2_model_0,OcHeR_model_0,OLPVR1_model_0,OLPVRII_model_0,OtHKR_model_0,PoClR_model_0,PoXeR_model_0,PsACR_model_0,PsChR2_model_0,PspR_model_0,PsuACR_353_model_0,RgRGC1_model_0,RgRGC2_model_0,RmHR_model_0,RxR_model_0,S13_Bin138_Proteo_SR_model_0,SpaR_model_0,SrRhPDE_model_0,SrSRI_model_0,SsGHR_model_0,SyHR_model_0,SzR1_model_0,SzR4_model_0,TaHeR_model_0,Tara_RRB_model_0,TATLA_model_0,TAT_model_0,TR_model_0,V2HeR3_model_0,VbACR2_model_0,VcChR1_model_0,VcChR2_model_0,VirR_model_0,vPyACR_21821_model_0,WiChR_model_0,XR_model_0,ZipACR_model_0,ZipACR__model_0,A1ACR1_J318_refine3_model_0,bReaChES_J215_refine6_model_0,ChroME2s_J227_refine3_model_0,CnChR2_J230_refine9_model_0,CoChR_J248_refine7_model_0,KnChR_J444_refine5_model_0,R2ACR_J315_refine8_model_0,TsChR_J132_refine3_model_0
MO_001_model_0,14.341465954469511,13.153861567435603,13.586859520975418,13.55477962935183,13.450240403983585,13.675594464368466,13.3919638844826,13.472191730950428,13.452332862283868,14.090251577627233,14.051622257159213,14.120493390860288,13.280182806389108,12.4716385096259,13.127275609141401,12.837226578174368,13.655727152565078,13.210101996141768,13.331184178444321,13.56736604410004,13.169695966806362,13.63013508571523,13.23485496260848,13.100415215403162,14.129784827508757,14.22591152522104,13.406250125527135,13.736381850365326,13.249403807119178,14.113570316394028,14.080456468107084,13.13712089914011,13.252492681107995,13.83440031943481,14.251863839435266,14.325696313519934,14.058561521018943,12.535053421408177,13.4037443877623,13.188143887589748,13.94649573981233,14.513923412157029,13.314892720671171,14.443947557061819,13.723958851431021,14.618620589450824,13.779776988035778,14.357164529816409,14.456664800599683,14.592871639606598,14.7667133354817,14.536567264463129,12.98142781020222,12.93446732618022,14.38102044077991,17.992250499935597,12.615455022663154,13.213342291897854,13.555091460675678,14.854509921001753,14.656280241761705,14.500634418723612,14.643793092660566,14.16412887848993,13.727786038141584,14.553834064550479,13.573858062543765,14.314551074025653,13.64263410783668,14.763694804626784,14.325696313519934,14.282706058043644,14.701653789374758,13.205669858569856,13.618113161325562,13.595836835814536,13.602936450692715,13.288579396222234,13.756457704100951,12.962855045782678,14.50257959520594,13.182162479010227,21.58262344806855,18.74277223181494,22.45072149905695,16.637900757574656,13.94156362667718,14.27585124945679,13.99584171982614,14.161939035291622,13.382329202311716,14.085004691258876,13.414900283104284,25.06183851839024,13.606277776276862,13.692118617665844,13.182485964915738,13.650077712941474,14.357100493139962,13.642666189224853,14.412770062541751,18.52312172639953,12.889168290470241,14.000009347121571,14.68444777670767,14.398929298147415,13.991205676076994,13.723567549118219,14.38960567182597,14.321100399546559,15.782644764397991,13.148447362594366,13.711854230718577,14.331153806990757,14.297155481575661,16.93504139105315,13.797601716852313,13.443212169202441,14.224052019358782,13.276654730011995,13.192541686088479,13.523455755217306,13.21691945961198,13.640303900509345,13.37039294074193,15.565316506772504,13.649952704778716,13.544085798337033,13.92318547175254,14.146632703977486,14.129229382441757,14.437998116198568,14.345117597731717,14.12145104310119,13.69078687854484,14.218308544046826,13.03840079619579,14.285903345971553,12.52723209514021,13.393291344804073,13.141803105941868,12.629666324959114,12.980624931846508,13.709741809226417,14.378204294819888,16.486527747333067,14.167427026343418,14.474402265693275,13.671397910491635,14.137155935196107,12.936584876227009,18.937750800929653,13.428091409639451,13.156610978825183,14.706915795603278,13.13900484748861,12.66109264290033,15.426501247689924,14.636048313850027,13.612869807260884,14.792775169520779,13.324755093254119,13.252119894152981,16.13339387958556,13.436195245403482,13.842125242605158,13.582564577678161,13.293937571159038,13.75294450064455,13.283422777063258,14.337193368320358,13.529312864819119,13.973241043463482,13.207140135165346,12.5390138295873,12.531658940482837,14.867451612940748,16.676911425774165,13.723219372857383,13.7923487337735,14.111401142384798,14.787830094820217,37.125635934756936,17.483986443803193,18.16055269342594,13.31245592854516,15.923236136443622,20.211909484383618,14.117275662598072,16.38426984360087,16.901005614259365,14.194213098196713,14.563764094544661,14.01204979415799,13.668910052191556,14.321093187425227,13.558472324163809,14.185534067302589,13.629949885204661
MO_002_model_0,14.149788702960032,12.90365602972229,13.55195597597262,13.54999103340132,13.789644951730148,13.658831785085868,13.56691239766598,13.668048716237621,13.36703151910668,14.081536118205399,14.22805186817744,14.242858580021549,13.327418579224029,11.528407565623143,12.864090614838595,12.628856218974391,13.695666345832906,13.317503090229193,13.01642691973166,13.573795227798435,13.09876981705891,13.660320343790302,13.192592254694121,13.029482362392182,14.236306120135,14.327575838173344,13.176492754470063,13.645031465764088,13.049244692369529,14.105189839787858,14.270796064194313,13.014063943975344,13.579925884149944,13.998995573302878,14.336164569590093,14.3601669871688,14.246737656061148,11.589115362820527,13.330234573860803,13.206439862298202,13.892325997171502,14.282265915049868,13.467903759235545,13.951557384500608,13.872689360856228,13.805028695173139,13.747626966276083,14.052718376887336,14.00561266237523,14.379850663336745,14.39429956088423,14.37115107210777,12.59490304670946,12.705701572948861,13.438531615450152,17.578976078831055,12.151379289856754,13.05355291695843,13.62704384366735,14.323975750552266,14.337275211620545,14.292148708429792,14.424272748800139,14.020172813694138,13.823436003755058,14.402986827713669,13.778710985538504,14.124221511142006,13.721906373377443,14.397619601857288,14.3601669871688,14.190107192194663,14.291373859098343,12.286752919225167,13.57342182844625,13.632140701867158,13.693058776045069,13.0705558585814,13.623774590280595,12.643797394527837,14.321316978072089,12.97176457066363,20.799545651982008,18.619363307702677,21.601223094014195,16.753290888003413,14.010778260652879,13.878470123002337,14.07469474060955,14.06594762986553,13.593949844100704,13.915477784679656,13.140264210985523,25.22480929477654,13.670706323580603,13.688211918973744,13.106979436995363,13.666890618903883,14.4024489500687,13.635467746176136,14.282969679409458,18.135776047495174,12.543455178404217,14.011892506695647,14.310279849619834,14.118496125694245,14.200251541472806,13.844076914563576,14.290544032249098,13.761947132419063,16.15217382328714,12.77619538477214,13.70486010083637,14.004596135686601,13.772528146627485,17.108086584897944,13.825903442614472,13.656587219489303,13.739817575380927,13.40486589897328,13.442940108137767,13.640968458318497,12.986409679581921,13.7444932323446,13.54295539927599,15.657181892446632,14.014711780197565,13.55148899739728,14.236027540147331,14.277246186192242,14.203604329280493,13.940671941254916,14.455696854966332,14.2430143794211,13.806422967620687,14.320583675027374,12.509742477278369,14.349178074411265,11.720388156530898,13.86336578372876,13.014188914990957,11.66894385634744,12.549894528981511,14.047853507023323,14.361114415097829,15.974417776691919,14.338606385791044,14.49125125466638,13.877685626596547,14.128219401775365,12.559686936472753,18.44849757623477,13.352827626374555,12.939653112218496,14.243062828343367,12.91208213859942,12.13622965184121,15.303859721962544,14.567544988577298,13.798876141796002,14.771244857219516,13.269067143399027,13.185633937607188,16.257279404464317,14.392772166991243,14.46785091956703,13.74734498428548,13.320801097064528,10.04029031587266,13.247532396037444,13.333786872871666,13.435382591268645,14.133516886921191,13.108568825449755,11.639024423778881,11.577852187957651,14.317036571892796,16.31399555448322,13.895988333478611,14.107186645733039,14.170290173853038,14.237801077045557,38.08275951571063,17.745227474351637,18.354818352540452,12.955897573943572,16.320900140624307,21.156556528218946,14.183496283479213,16.175365226293096,16.59754288171435,13.883218361057462,14.448047729307646,13.928804689642973,13.759823886766204,14.207265245699473,13.711537482480503,14.082391000971858,13.711056337062738
MO_005_model_0,12.737957078112577,11.456421336172886,11.81128962093451,11.882985085613958,11.6891956517686,12.110959213822708,11.934217460667709,12.075654720610697,11.724302390046597,12.503350776648066,12.58921711220062,12.625094705956108,11.642077096871548,10.910116239007724,11.782456419133624,11.410123109876267,12.06754213344578,11.675675932983541,11.681566971494194,11.873578749157314,11.5267632998994,12.094450833975054,11.597247469704044,11.47808515469315,12.619718969106978,12.77485932253497,11.567204572942716,12.110065396048931,11.640068072446123,12.136204813622642,12.542424259136427,11.508128700607937,11.94495832350871,12.58300491487157,12.307376431283798,12.555368361388782,12.241354571336977,10.868991279953779,11.741217204910498,11.553806631787243,12.323716676799618,12.929304706170198,12.029192056973574,11.963695343188691,12.059526847235063,12.495374531166272,12.170672392201729,12.34541248253366,12.351424613225959,12.629377347685855,12.833379631282625,12.962217109690151,11.335166726235318,11.365195419332913,12.057693209208225,16.156364078887872,11.17025925608309,11.717934224409168,12.001074335944102,12.158411769824369,11.83872518914179,12.658769092899046,13.283139378982108,12.510821259790065,12.279174786858412,13.111422679430364,12.2033795576792,12.45103283334871,12.163612022777658,12.045756826111647,12.555368361388782,12.390103918274813,11.943075477946861,11.531085200148667,11.836217335929849,11.995055762711297,12.0562540775949,11.654579503330314,12.091895533983635,11.355995100951311,12.524958631920075,11.494783636701849,17.709706546593196,16.181876808716485,18.883277188865794,14.001905257846738,12.393389705771098,11.822345966016732,12.480907839061501,12.640546024010053,11.94878593272205,12.381330946150266,11.61149878229169,15.770994010000376,12.133083902580946,12.002187509474687,11.540436954593723,12.100899541179658,12.617593596180015,12.003071964567946,12.42565083429553,16.79162637804259,11.376531354808524,12.427707356382811,12.728318118656043,12.787652443858208,12.806669174964178,12.02068677948053,12.517951935301937,12.275634189653656,13.902542715422822,11.642522060926591,12.144369056762814,12.3514541084263,12.154600468874275,14.934850240448071,12.178069628379708,12.041417119278089,12.043334840220295,11.740023614031454,11.877831814044992,12.148826068168379,11.542018187775794,12.211104032238621,11.77434690142536,14.736669556051273,12.364250373128723,11.919863518686649,12.58481368383968,12.224075252602626,12.650617180735004,12.32344423039557,12.650473481615343,12.562508089532713,12.11862273009583,12.263741082673791,11.339808911560024,12.784056622467304,10.968991972458992,12.19898182120764,11.499525498970067,10.935177776987931,11.299168034753462,12.184778815045144,12.336631425729653,15.162843139423464,12.628572586010858,12.446052332987644,12.16894688637675,12.172546704389271,11.299586559410157,18.11329860635985,11.755857266301101,11.64816447713462,12.309919784165276,11.660965827724898,11.197030715282466,13.870453381236876,12.701032319214727,12.199892441827,13.135989638087471,11.616192380431908,11.59018169565079,14.310014726525246,13.326752389150762,13.583545991203103,12.053139737475433,11.654425137333002,10.207246213320387,11.61116514933625,12.020655477752456,11.79595354159223,12.785274411055669,11.629379386095906,10.900442687396534,10.86532075342226,12.154097678641444,14.420028202439683,12.255102866428023,12.374452902560163,12.498095930743197,12.191572476504858,25.72020282687549,16.069581667996204,16.789267275712696,11.627291334930865,15.367267836908667,19.56421867649353,12.545564485758405,14.999635696660967,15.594653381872181,12.198519936117389,13.217221994000246,12.373623452437442,12.20525143159953,12.763955009436293,12.153377155917932,12.353318795020149,12.143503582601706
MO_006_model_0,14.95041268112976,13.656701028921772,13.923018331899598,13.928285248741666,13.744547309525283,13.941260510048416,13.8579893045018,13.939406667509061,13.860178930176843,14.234341365037297,14.377272481128905,14.389748330755152,13.502634079636112,12.97942208112474,13.688120384086634,13.5781765627194,14.003822352592454,13.54293651260102,13.734311960865382,13.608634049139317,13.63182319938521,13.956172781505884,13.55566222854813,13.465249618908695,14.311762024254321,14.538335227488906,13.949999156681692,14.121823853604868,13.831964128312165,14.155111164831478,14.363630001283967,13.616543981213253,13.625136888304578,13.981604930813303,14.36261979777773,14.475128788772992,14.241333272452632,13.001806412095341,13.519237684764887,13.62168252555066,14.118400889012825,15.021680632975185,13.647801157634262,14.317716396804105,14.014979798999557,14.1510392514687,14.120217151703466,14.321218536695445,14.368056347560096,14.530185006125018,14.984734435976064,15.108790320080997,13.576964179668684,13.507950063235146,13.931876040839578,19.436274169230185,13.464007304178612,13.70732349781131,13.958084827869943,14.326439380742737,14.186564551679046,14.850431759842074,15.073261058720322,14.32013098597218,13.88920968663893,15.06612259458423,13.726003312949313,14.45813775071705,13.82140097859183,14.264241631171787,14.475128788772992,14.407975276808214,14.134332163015836,13.426220551271973,13.966907328400517,13.947037210486744,13.880787639174496,13.8379091159695,14.154402593765267,13.531491411675812,14.362780434956568,13.629550575521831,23.514295812848548,21.075053012013075,24.526796318211712,18.264732383475327,14.189166277658652,14.122674728509567,14.723569229610417,14.63088006056027,13.858726863140387,14.671263612099251,13.990271659786854,24.489131904485543,13.981331378678613,13.742199179469008,13.650895836240842,13.948877173391436,14.531959084964228,13.975993712018338,14.310573292038692,16.666945902133417,13.55202759987271,14.169314167647894,14.897002482644345,14.612405593647802,14.090295062054954,13.977362888984164,14.519760199856819,13.953275359781149,16.108467478216227,13.692993609707734,14.060262645655639,14.212734013073351,14.104648257369846,19.88065704667104,14.018853813141192,13.905590458946955,14.304507760141327,13.618032781460617,13.50766785585819,13.857480058691412,13.73437516851228,13.98387500267681,13.46227138784592,15.54521749276757,14.096807246570377,13.889353995791128,14.183432802257366,14.250814542597537,14.817430483693608,14.61149088877576,14.53540947625586,14.285017354806456,13.98655302494494,14.335631806657206,13.56027042852913,14.558709235544395,13.176098325582315,13.780539561090375,13.618667888519251,13.137877802460629,13.49221299870157,13.918725886380576,14.412091647680084,15.386108386317568,14.449985999455592,14.542383296991266,13.986596391020779,14.191390061192838,13.555068180184312,19.201576836849515,13.520431483645583,13.652174109926758,14.333759001827731,13.659736452063862,13.429897071223442,18.327192088205038,14.742020324088458,13.661054322718478,15.091373012292577,13.677710676247559,13.565557739448693,16.374939196901465,13.92823913775373,14.224600398599422,13.697909540321229,13.555916786511176,12.159728812884312,13.518313373575374,13.742686737933433,13.487266317192468,14.137107265075443,13.686871089895716,12.994237367273582,12.982425505359222,14.320935992698999,18.847754974200235,13.972021575208913,14.107922375774159,14.295889932216145,14.226741779639168,35.71937650774556,17.566466484541532,32.81652999685543,13.694274419685799,16.53545456657344,22.384741348686177,14.300362646105206,16.525862992035435,17.038899429059324,14.407891998940514,15.010719953018038,14.219299981388124,13.82919420302894,14.808035372065921,13.713109870319773,14.333973793958908,13.819433087326155
MO_007_model_0,15.054886285626706,13.76593584965484,14.021994213355455,14.033552918684665,13.810045427378332,14.041035388704497,13.953887807326796,14.035402781359066,13.956246872830949,14.313035409657632,14.428069905398708,14.439279975758778,13.570628352238641,13.230688382845669,13.741548507448304,13.666841680833022,14.107972067035412,13.608723293786488,13.90994807644705,13.665627107314107,13.703557279660597,14.04793048450264,13.61527002525901,13.504979557151394,14.381245829537644,14.505257286214245,14.062597728564045,14.217229098022782,13.92812311166868,14.09378589858838,14.404215512852222,13.683424929653022,13.731308061130473,14.093106731691341,14.361395691676014,14.518196513083518,14.167347807521391,13.138591322729106,13.613609480738065,13.704783761122696,14.22885552477676,15.164825094412233,13.787714847770786,14.345715147905887,14.105377405025889,14.123213488278068,14.204764601086232,14.350266679130206,14.360583989862974,14.516041093847841,15.101223626653342,15.19640471868369,13.652144795839256,13.546392089723623,13.935471657966648,17.89092364303098,13.577144200687686,13.831595359304817,14.050456410586323,14.293395531170349,14.153778243569594,14.86132404061629,15.08357307219824,14.423245652798858,13.999211908778934,15.116117697710349,13.829165292220637,14.549663447496552,13.930716520597404,14.218185732127031,14.518196513083518,14.394283598364702,14.074916369407674,13.502620274503375,14.066165371665173,14.050430753654988,13.98990115534929,13.928901446120456,14.245909252760647,13.560531941394906,14.351538415163546,13.690826559227663,21.62191082363459,18.599567757151558,22.671836494740045,17.15501562495729,14.295846336129944,14.117044601583956,14.858812181588087,14.732013696945556,13.95615174367897,14.796664423446535,14.100973198071603,24.79161893927555,14.079695591757913,13.791950209043923,13.721200497863693,14.052219414722824,14.552441993313437,14.077802728936913,14.345623183281134,18.162499299943274,13.630022147639405,14.254717596321056,15.013476030594935,14.769467205436431,14.294125853949907,14.061697927133089,14.628004407493073,13.924055862023637,16.001301488207265,13.745200878143356,14.153189872539985,14.23179844252474,14.080798861638659,17.635974831806482,14.11051722721957,14.004974693151183,14.39175338515832,13.673949761886137,13.565521704259215,13.92135621888498,13.843477025584324,14.07402164336743,13.530853393524396,15.89533002875775,14.200449027066119,13.981285882173935,14.283131731729192,14.183552747626349,14.940879367890965,14.680139609509686,14.585823314364305,14.344019210582614,14.12839787578341,14.313609900969388,13.584467481527316,14.519412651825602,13.29495490231715,13.901321286222988,13.685092412179518,13.216134165412189,13.571665624820959,14.058163828289985,14.457081796465651,15.965287138546644,14.48679010018227,14.578833091068207,14.133471131267422,14.129628989292563,13.632146664409607,19.06695890742762,13.613313504294602,13.774536028089566,14.376811730728788,13.769496220127628,13.51900638918416,15.59470658830741,14.789436630434773,13.70141971304499,15.244683503291471,13.780424944020805,13.627289237293539,16.409834477193446,13.999445743109101,14.290058142673955,13.748603627652317,13.61902655727429,12.236505324662156,13.565428911100955,13.759454720155729,13.530497918457554,14.24573246850125,13.757864203767161,13.108427484844619,13.115507091694658,14.286200881222635,16.637147830525628,14.07691136385109,14.214424970140223,14.343845461521179,14.20636297267384,36.965457432095036,17.686502324763737,20.727890774673966,13.865502127224781,16.084890812773256,20.643157984674186,14.350160558445465,16.479253431424084,16.96901896368189,14.401515662903448,15.011134370838283,14.331378610284649,13.945503042906866,14.87783078542191,13.804511583873426,14.43495789246265,13.927035502471035
MO_008_model_0,14.445252921216975,13.524523208613104,13.602680005172399,13.66507575762954,13.280786561488524,13.727016610660563,13.697269589013198,13.761394401642013,13.55570064679998,13.910094371558886,13.973688515272542,13.989486789523756,13.450664626957888,13.394513538163853,13.692571464875384,13.540341733482403,13.796967520983051,13.385934864673592,13.614640686797893,13.493596345454641,13.479550873909751,13.727803744010727,13.51860757920819,13.39060936868319,13.996402828131739,13.92996557798756,13.613900794459346,13.781392359442282,13.703417467962439,13.633231984810708,13.921686865341599,13.524094895251723,13.516687888204231,13.883115398515276,13.75581091928775,13.875472459923893,13.618242075100325,13.251422903130589,13.423288783818784,13.520471133278084,13.94146554727937,14.66847668372539,13.517484594193496,13.812106011098521,13.712338511888015,13.560995445159302,13.725201453383578,14.004829592624516,13.99943098717799,14.147656330643166,14.659323289372999,14.615018761631699,13.510934759762375,13.330720589834648,13.303058940548414,17.48083160423108,13.52088816556539,13.62998360387232,13.756000496169229,14.063403007045643,13.846631107800942,14.404202732070907,14.412332381876231,14.114984015418552,13.76640904076659,14.473224247308352,13.699790527218202,14.202455468164773,13.678363854981509,13.942925256164063,13.875472459923893,13.884676652354761,13.82812576228337,13.45242923949252,13.643815993248781,13.699191656977845,13.651056228584157,13.701788596395584,13.799256438608882,13.328478653679984,14.028052884447566,13.544766378457698,21.174511103646854,18.722723599963743,22.084637895598192,16.428390728997854,14.030547775964127,13.587084147916235,14.22594366540527,14.036662526124745,13.706897953599313,14.145307860805168,13.679388412428082,25.26897901807212,13.770201495910246,13.61758202484991,13.495936558208133,13.748506991679598,13.96172502285657,13.747020743256439,14.04246824827589,17.814457112068144,13.509301765534751,13.852877468740612,14.535582425983895,14.392767885181495,14.090802903463226,13.661607437320392,14.283557179535348,13.382381192218562,14.824187035781202,13.589854514916787,13.712296446109518,13.910413096832054,13.70629473519412,16.540640775870735,13.777037349676336,13.750578831373547,13.718445756255177,13.46919960358751,13.526076708928167,13.747671551613278,13.602451980199756,13.694699438985968,13.330401741673604,16.3461768091031,13.90915094694067,13.68554338070355,14.017648094141807,13.628481844403689,14.372215133485373,14.15847641070033,13.99806376309823,13.92871956705774,13.84162472192889,13.706059393215055,13.419822933589334,13.94579269541982,13.333947309097281,13.74440236026216,13.518022430699899,13.265584728187067,13.463827028947353,13.85485382558152,13.858161971406876,15.866252428998498,14.002349052781293,13.989185219012095,13.864217825535402,13.66762627413243,13.486806902527363,19.143487349738095,13.423880227637653,13.607248283757293,14.069089949271122,13.64897280159145,13.513019033879749,15.562175229887478,14.34024194754006,13.578017600751911,14.812122331658411,13.520061598354705,13.521361697640957,15.814066903875593,14.547080935759356,14.744512349468799,13.649731081184846,13.493802312523163,12.119488395858975,13.475866308776371,13.083539732107663,13.495142888619439,14.038481017153071,13.629930273842113,13.18762188994936,13.22480954782458,14.05823494779578,16.149478612153136,13.79242081219145,13.929872695688692,13.899391647992992,13.929145205373523,37.79992609303786,17.582342091190203,18.124368070499486,13.55972834445299,16.219588083875642,20.738261157828976,13.922785480058062,16.02557591635641,16.587617199684885,13.904841556316962,14.392012716825045,14.037096048378672,13.722642247995413,14.185330395614885,13.6457085741088,14.106560488125085,13.675768179076895
MO_009_model_0,16.050510503836428,14.879528740933338,15.22021838686081,15.221583576477007,14.913166741457893,15.290577066751496,15.119061418989766,15.188406315456055,15.166191913818734,15.618481451971947,15.662643993855763,15.714977304069944,14.848062516944957,13.66363483065769,14.68270515079222,14.542860244366457,15.29915533233025,14.904454795505801,15.062831614667267,15.04470514588779,14.862472478004392,15.275593121502707,14.91306594205115,14.757614505955022,15.643027451491042,15.865149077039899,15.184603169382775,15.41884226577165,15.003335483082141,15.625802343897313,15.607652096595984,14.794282481058508,14.893068252624264,15.299782707861704,15.728271383478374,15.753863816446493,15.625340022218449,13.824076397985179,14.954846783257784,14.907646024409859,15.453370686092237,16.10526145731486,15.020632452902065,15.642509122692816,15.283354505109966,15.813334713535742,15.446205798749965,15.746800946812632,15.861433216427734,15.963049081272601,16.067292630816386,16.211323910350632,14.588259235671766,14.486898780118484,15.609696944069867,18.502742967487848,14.459149732299464,15.025720152694989,15.247019683225782,15.977115876006957,15.699365099304337,16.125488068791004,16.24199385438226,15.665642681459952,15.262177616370922,16.197111496107475,15.112477284270323,15.636897440198169,15.208274218005442,15.846403843301813,15.753863816446493,15.749279416333527,15.782997719711274,14.49661630235133,15.256929491648,15.2448142554613,15.204728141800262,15.020612109509575,15.448812592822318,14.514727747456524,15.796772244703034,14.838671787595667,22.404531809008617,19.350166840809536,23.416041237755508,17.15211049165611,15.474911185977222,15.461708024873532,15.741727431012773,15.760325070671268,15.10880038731029,15.748528260743257,15.19309803093063,25.17350205098517,15.265296381351922,15.157312980949909,14.878536346321452,15.278786090558507,15.800854878588668,15.288486405009229,15.658432143794249,18.64321711691662,14.543986505247055,15.540766409608924,15.996862425921494,15.669230013562728,15.151239654913386,15.265558737779369,15.580495105826074,15.545086280807935,16.796577556760127,14.812697622960584,15.389964291388445,15.693770456882328,15.656345638093969,17.705833335273976,15.356157361367611,15.156072155302857,15.61499154817532,14.854557695176464,14.701942807311974,15.086972761290513,14.947630562575382,15.301490270666319,14.863561963211021,16.43831352430371,15.20658704919993,15.208705296881261,15.409684421155475,15.668249665728773,15.83598128783526,15.867384288461887,15.767353868464653,15.614850163466711,15.286196145147745,15.71247009470188,14.639392690878736,15.91238577599411,13.95438925305107,14.857284028323852,14.804173070039537,14.048190762082532,14.617916867047569,15.147293954121551,15.796326132994018,16.64740497758384,15.693160419969251,15.901842575283618,15.267383241686566,15.64695077800393,14.559094201124196,20.094342360018608,14.965334750039295,14.955990024825292,15.76926990184426,14.935569205377952,14.417729518486189,16.112011908133425,15.917082344770387,15.06590025040519,16.11181082816648,15.015558204751574,14.929608058923693,17.445018511528183,14.332248486634228,14.687166985702543,15.044212930325022,14.887983782173462,14.365627512351095,14.89415387842228,15.472796259547888,14.834727218787995,15.413272701110104,14.827665620141538,13.862221643622664,13.81907933485474,15.981115703674213,17.263560430934287,15.273460329732446,15.332498767083331,15.66340272574033,15.948577245550581,37.21779613479834,18.242112297961604,19.309165706411314,15.046009127855097,16.94919033231207,21.324555847200884,15.661078835906165,17.66285516481149,18.158919987926225,15.77266105160383,16.155521783103776,15.524177775355296,15.200873736775788,15.932674262320152,15.115153631698139,15.509454690317408,15.188688097038739
MO_010_model_0,14.635099062648845,13.337554527293317,13.600964439140201,13.60608987632677,13.573999891723869,13.650245368365368,13.560610079258051,13.642154589239293,13.538538620785623,14.011093721350203,14.174681297798774,14.193886476632901,13.199057126510606,12.626145038863672,13.335984562986075,13.216733237017557,13.722839074071063,13.249612768592621,13.445436801801751,13.280385701842254,13.299241355519683,13.664119819346425,13.250876514508976,13.139340582890899,14.117030837971479,14.28385252397299,13.629583221864928,13.824437695045217,13.5196993900478,14.042289603455226,14.207983297957382,13.277964212580464,13.354385704523613,13.765416232512603,14.257643549113345,14.339412559918435,14.12651997454708,12.635464889651427,13.219617336016666,13.324218891828082,13.84859346379824,14.692007414773624,13.37609429273052,14.218988805597307,13.734189639263143,14.035228494616028,13.849907666293825,14.134057000338652,14.188972376564687,14.379978131467833,14.754292221136728,14.81058208698329,13.25178056776891,13.11578340467714,13.85346698841816,17.85135850556645,13.135245951236923,13.40061465194424,13.660020285610631,14.189506031174432,14.097949353380075,14.659013959180792,14.837858715675559,14.05232643813052,13.591129780674839,14.80762785727386,13.430850193017056,14.252362409429173,13.519670262816454,14.163139982402333,14.339412559918435,14.239337151902891,14.013230599426171,13.081336477940987,13.646665532303537,13.629268699429106,13.5683537510724,13.52594551255826,13.854751234421487,13.141971784097178,14.227243926987937,13.306706137031512,21.631613344723537,18.94626598191343,22.625266556508645,16.605337687045964,13.913134776759996,14.026420540181732,14.429285675636459,14.31636000850007,13.56239701995281,14.38399571592604,13.674324487554658,25.113535324942998,13.694989105634317,13.40586732661393,13.317856634154127,13.658232594573958,14.385677292608133,13.69441640089825,14.19264394289116,17.948910996447783,13.194955032792368,13.942805046289768,14.670013438954292,14.413833997949139,13.935048356312434,13.69523652425931,14.378781167120197,13.825763531833658,15.430334501564944,13.339343600831462,13.789108650294633,14.007826477428495,13.93810894213178,16.970001866847014,13.744598155333085,13.612879111347022,14.159554960838625,13.260067598015915,13.219279710498565,13.552289320699431,13.418748657715536,13.689144441161677,13.11371760446057,16.228489833379868,13.8571499234759,13.592136802493664,13.95289854576657,14.15019066010565,14.516739953036575,14.45120001563965,14.399198006574963,14.112549076724928,13.730207096124122,14.230246610464404,13.211515210468296,14.297043533584151,12.8377207920823,13.572206298658056,13.278916137367224,12.814249329960798,13.148908427729156,13.72928213628411,14.314854161253715,15.926338926059953,14.294604979816967,14.441412356998892,13.725635582920964,14.07866184933747,13.226149433929793,19.007665930969864,13.219283841392494,13.346224369519778,14.261717079578853,13.357520238491801,13.089626795546865,15.539719040352981,14.590450247723632,13.363889480177242,14.87061583253484,13.355510384350623,13.26174080703726,16.183137440234873,13.82529527280548,14.121920116892714,13.389334554510691,13.251102113350605,12.145824006293074,13.22019253327833,13.668616210999406,13.17568092917689,13.936317569525434,13.350906568654256,12.633401152266917,12.618610675810435,14.185509915920324,16.58285992408013,13.713667451791837,13.857686609894898,14.09107528353163,14.063100679250141,37.159742103974175,17.622183093270298,18.363554524835095,13.407285514882853,16.176795422942316,20.50147471487689,14.10609142527927,16.39751437275717,16.898747350074462,14.241681622324334,14.767085110555405,13.94811504108694,13.53218857467518,14.572724735380461,13.418752081463104,14.119080941388868,13.512622700944902
MO_012_model_0,13.550699114409701,12.075578126413767,12.308377800204022,12.290179744860229,12.630819712894318,12.324760117646244,12.330096419769802,12.381713207178038,12.083306352218836,12.574371858869936,12.699168648531773,12.766918208200776,12.187886046028243,11.813907916153608,12.45090874406854,12.080683850011045,12.419793587298425,12.101990934873164,12.116992393463601,12.254954830150826,12.126950760543126,12.243654592292781,12.224773635291145,12.151469374299005,12.801516086166371,12.817219880488286,12.082809727031563,12.328382968917229,12.218223348781622,12.833772880289324,13.147877811271066,12.141425530180495,12.058639989118285,12.785027789220793,13.472040766344476,13.56647866350399,12.997290726278592,11.82766732403787,12.199634252569632,12.11275789246837,12.689851294884251,13.795348727937688,12.235910863225051,13.226768200536355,12.39066788485757,12.784348236721982,12.43166689957627,12.966754997356174,12.979565734226254,13.35561268918228,13.85392366457663,13.782138493211368,12.039418317494446,12.121415936081911,12.46341013039654,16.724609507912145,11.849470860352158,12.202280228245025,12.306787502430769,13.056138353654756,13.175629330238051,13.448128621746822,13.620343715957544,12.866477248606454,12.505430912752312,13.70396214080722,12.478091860579736,13.153386797744007,12.405587922858302,13.112315444377137,13.56647866350399,13.430184028215471,12.963981076669713,12.274302240328906,12.340570050277666,12.335414703519692,12.34680404023151,12.245413496901284,12.346514156527766,12.116807107089969,13.30000896505729,12.17795617758768,19.871165870626413,17.958049699648313,20.83338991633097,15.829202656528816,12.846162831997056,13.040533307554186,13.333172114592108,13.279415320710097,12.355446346664486,13.22805305275284,12.12088922111663,24.646260090549923,12.271123023380795,12.397356793692271,12.13817347812205,12.32688449297952,13.518211370048027,12.348421931308934,13.479220572339207,17.998525980750017,12.075969923473016,12.50068219945791,13.71304361980713,13.487407734299977,13.0060440649465,12.361459422236829,13.257792443732072,12.61843324352138,14.218854850928267,12.260733416669385,12.393977820681847,12.911025649408195,12.689947134571456,16.13640021656265,12.44830028081721,12.393429883191438,13.031679156256127,12.232961453520195,12.167694170877443,12.522313252948353,12.15735419221806,12.268076389036569,12.133658382344425,15.60065183119775,12.770040010874764,12.242484042541024,13.054709279096475,13.163780289870383,13.559973475172377,13.464942208209209,13.599701456635643,12.8009031299531,12.529253028111562,13.395682895972575,12.082862212948482,12.85755604741979,11.808967409107202,12.468247186425595,12.136898141589178,11.820745073981868,12.090190517176174,12.682189133050311,13.5477528516997,15.93564571947142,13.192252094925568,13.68395960060086,12.585294503707717,12.866399856974503,11.997217193712505,17.975690732703953,12.226186922034753,12.181639681783253,13.058348815904752,12.230068504706907,11.908960546627851,15.006654014169028,13.758571479037302,12.469241109161207,13.922145535860947,12.176686056084852,12.223527186946193,15.069102560849663,13.48245183153188,13.66216496372167,12.362840393374185,12.220690629127052,11.15833087674662,12.237487357081186,12.384519642999166,12.195395791116646,13.005101204127211,12.26637077371086,11.809930871762493,11.810021004786892,13.057414476855891,15.354349830075549,12.474364542131879,12.720621672985635,12.6526455572861,13.033739874951568,37.1095993829245,17.240633519401133,17.738725281806026,12.055566585203739,15.470224755187683,20.404757074767883,12.725029545972937,15.03843501106713,15.583192868125947,12.95386476124608,13.603686739206411,12.755215253506469,12.450271442911845,13.397308867359992,12.40434142595082,13.06861633161068,12.406170257883195
MO_013_model_0,14.368581426744724,13.959653937330948,13.797976000903518,13.895177049047131,13.57476798154734,14.083900879403494,13.991779718937153,14.030191732638915,13.866989116962927,14.203582362734485,14.04564150904386,14.068216561711068,14.05232251335793,14.535612549943792,14.323998303328727,13.740704579569943,13.892440005998331,13.737550757174805,13.78794361436829,14.241081916064894,13.91173345951616,14.056269547263106,13.944452065129179,13.956643420902875,14.23388817585288,14.643811001241305,13.757785543957874,13.967394295820384,13.891292126783448,14.256117734398789,14.286409167209012,13.92462625838205,13.843756664886197,14.035841787957716,14.525072987040947,14.492242729005232,14.242230443423098,14.385192145496156,13.979552653938272,13.804041925457188,14.07168511099405,14.753809085099029,13.734264493318367,14.231645273401677,14.063623357849817,14.901279973004431,14.079847075018444,14.285222565342435,14.305105232333085,14.454800052586384,14.792006687319372,14.61897730169344,13.894420437517455,14.060045179651585,13.830250452767222,18.332370269799608,13.8011000118912,13.886995998643608,13.988683564196537,15.035095709776732,14.905936106946376,14.322565313203478,14.441615777072599,14.239135918719548,14.161194399875036,14.554859645138178,14.160473835411741,14.293009734559043,14.027975926835936,14.97900363647792,14.492242729005232,14.51780349208548,14.913238678408025,14.611714405301354,13.787723081392462,13.950628859570216,13.921488361789386,13.93993026642106,13.964657599117265,14.049369005016871,14.549080059108434,13.96960426586726,23.409955017936916,18.62387846522484,24.086799134815276,17.971476395329592,14.03887751418821,14.170246288090452,13.987908308682417,14.62686294007093,14.032391027366904,14.08114905699004,13.82425778506276,24.978102613483006,14.047096613674753,14.380236697819546,13.919744513368064,14.04250266508414,14.527539849421913,13.87872398489803,14.576638492256441,18.25044419668152,13.824147326544622,14.144039047808532,14.682570402042408,14.600668700640279,14.408888883610755,14.071204135727342,14.500179733601275,14.71339800889907,16.337952560329484,14.103271364781115,13.982967024065495,14.402369515443159,14.313630494897023,18.670865733287645,14.002467540169377,14.045031685118941,14.250482546335311,13.839445314326342,14.123926317039075,14.355024002791355,14.007801520622621,14.200797487912881,14.032589623064165,16.095062574966114,13.8258181204216,13.983907946280846,14.083007541478251,14.3862494146171,14.184381867163927,14.247396037254976,14.551290834977985,14.198734920697584,13.45615972057758,14.487491198626824,14.07223626183496,14.696723751641535,14.268122379087666,14.118902585799125,13.932186517782911,14.256616032684546,14.032453421662186,13.5900976743992,14.622132344861033,16.756062227041134,14.331567140496478,14.718731800895462,13.44594200957252,14.27679591945543,13.869224182156746,18.723021005259085,14.003260133976854,13.942723368532304,15.257122273390536,14.015457755002194,13.942938310009936,16.604181958504846,14.740969242427234,14.300966596089415,14.935234084037631,13.795273432019092,13.934000338497833,16.40374409637568,13.6603791751178,13.796552075875939,14.320693957451752,14.024731343672553,14.389649938843272,14.023445173291002,13.947973208621839,14.336125465027312,14.16350098360786,14.068574083118916,14.365332341412936,14.382031692989024,15.073560954231313,17.164977334728555,13.945844568759718,13.979295994643529,14.143789573897047,15.026552297619533,36.53167616239041,16.964647731433967,28.66905947116514,13.786207729440452,16.41405220493824,20.500249861722384,14.160173452482976,16.06947453451332,16.603528329162504,14.045611772064028,14.40782214273706,14.091433084964374,14.095004350621455,14.274073094044983,14.129667093818167,14.207165560111322,14.001220203105012
MO_014_model_0,13.032603695140947,12.066476958242035,11.980642745889387,12.153186551894741,12.389563134747881,12.21249557821191,12.16305737619826,12.226334292071254,12.1067506378623,12.568468964744707,12.525915188114812,12.625640155159713,12.0302831191759,11.97657012502546,12.378921858828235,11.907270661423906,12.20896389804369,11.894103264558838,12.082139403997443,12.112674744111708,11.954082124231078,12.246341730088957,12.03484264289766,11.965151550844523,12.728338501881282,13.05348042215122,12.03007596329393,12.17789420505554,12.04518038463975,12.754141449728227,12.923363275759753,11.967589278156906,11.847841294448731,12.592360650606249,13.332932508087394,13.604745080359917,12.84438621702293,11.907176953870357,12.021438459495856,11.899526284237018,12.277286530155292,13.138996941676025,12.093764847244406,13.327841121640109,12.162622137940842,13.290969343020485,12.097173080934597,12.557587329713785,12.697046981396651,12.920527860916833,13.2354585445922,13.336732950690488,11.958349693426028,12.04281935706255,12.922274414598652,17.82688858490755,11.775946507972657,12.07569038153566,12.187750769612217,13.268439198118374,13.372850386183863,12.96950957283229,13.952651221678018,12.475797482591847,12.325967288067387,13.743678999903752,12.331943929005448,12.625021026300326,12.203354025346611,13.351739643576746,13.604745080359917,13.226503197944266,13.193967122776694,12.513122829843553,11.998385595690932,12.181132574651453,12.058752397722143,12.090050615416743,12.199481502607478,12.058489435249355,13.061987423725363,12.010343308491763,21.172842642853656,18.393262021012863,22.266600369566735,16.78914581505621,12.295656012510477,13.114293267600656,12.67778312983593,13.248816106016001,12.185403044712881,12.716841234229037,12.095882684561648,25.292801519798914,12.23927529750667,12.236049331603715,11.96703384172411,12.177949451538025,13.487311098144097,12.175166607868032,13.736686138296248,18.64865520684026,11.96116606467893,12.489682190314005,13.136939378931155,13.038486130900795,12.701598358921311,12.170503071577608,12.994080933976598,13.041223079043153,15.303388860218515,12.19814449717113,11.992894082196434,12.595501679605466,12.595317389299225,16.445041851775176,12.091045885086215,12.215672312740105,12.825449022957168,11.905842123939179,12.008506575668406,12.385920833992161,12.134303008660506,12.392241513234723,11.994657378626307,16.17726674821072,12.3009163218054,12.162901919415257,12.483921147235998,12.996765454307925,12.973011260142767,13.065886322842335,13.57328960565168,12.73350254030483,11.940653837626556,13.200445411533503,12.104236508235005,13.105242866261412,11.962765663072883,12.040072697620388,11.968333056179286,11.982146682212209,12.06159202950146,12.222176953750612,13.531286384944963,16.656163015761983,12.950324175354522,13.622774536601328,11.964221734908751,12.788860198597275,11.91571235198709,18.59923074097945,12.049634356808191,12.05767296116805,13.714006424344308,12.087286929225563,11.876313964947084,15.49890365437405,13.805924745191769,12.368403583648895,13.201907468398476,12.052048016341356,12.034063593813453,15.083495044583582,13.248213903429493,13.661007569936267,12.201096839451283,12.041026780703344,12.885260970254624,12.046967182348153,12.967056150737598,12.17969122300867,12.816717169579897,12.083465689917432,11.917409836577809,11.890040976530384,13.29270057218542,16.46753874721612,12.32214597702735,12.566667205852964,12.572789987274248,13.09563680475971,37.54541327553185,17.46666693185973,17.843631323807724,12.057437191845398,16.16777357396699,20.505800313436605,12.669300202511273,15.669976471687514,16.213811628561118,12.632903540771116,13.890741007706186,12.305320792313768,12.24349678525729,13.463247161035843,12.301316885793156,12.491904141380424,12.1788181266729
MO_015_model_0,13.011751482754155,11.72338944548919,11.830389937497712,11.979031051206455,11.633121456583464,12.128309349186654,12.106559425573156,12.150055293715939,11.902002849131144,12.366811027147545,12.386826493041033,12.446231528375979,12.030430213866167,10.972354940252918,11.98197371009509,11.58767717554794,12.146819791031888,11.894017489340968,11.942074041668228,12.134929763114565,11.844173101440413,12.162610079216938,11.968427660033068,11.84708797364419,12.466063828142449,12.574475114313023,11.747582687953797,12.090110806113463,11.897787340656366,11.955243677457883,12.420052113732373,11.825277506842669,11.911670627113331,12.40007068033156,12.563387597526773,12.735912873674051,12.289714226080624,10.878653762612176,11.984915507468019,11.906228334207709,12.187474595366078,13.111138413355125,12.158702544827893,12.461839466772858,11.895956469183144,12.759326109429574,12.069128325370421,12.265419289381029,12.354339649122794,12.452080649888263,12.860701798104726,13.260583791634428,11.442271815829349,11.517451509503521,12.090585915248443,16.464331611593266,11.348612569276018,12.016929903928418,12.154424327415411,12.14392076732227,12.089087656462087,12.78930212837835,13.685444705999231,12.364625829505945,12.25968641447317,13.52805410385578,12.325032972038663,12.337795243352833,12.130329220030701,12.125104269459097,12.735912873674051,12.54786387614179,12.023766154836911,11.631099463805784,11.846497877633697,12.038255890312492,11.968753301412715,11.906590581502138,12.096539162374206,11.468223549163314,12.286807626150692,11.831604321394684,17.73707371004108,15.994817123359917,18.74240565835353,13.911731774736996,12.25099573187766,12.252105329534427,12.739641077077128,13.03461736875033,12.125147418947082,12.65348892257048,11.77811892485419,14.955917551942768,12.197128022325181,12.266058567770182,11.861422456431155,12.112992551200216,12.741908783548,12.088109356997482,12.756060393385162,16.91870458588634,11.523518901468536,12.296017736536454,12.751308203276603,12.859818627511322,12.327778906447081,11.856598634200333,12.306492039950536,12.552890336182145,14.623896286895967,11.882952838793543,12.020500699617589,12.237070442610241,12.178771602950249,15.13444948966688,11.993942097927462,12.157821632516423,12.241156155042933,12.11862838474555,12.109323137504417,12.402170456145829,11.810068376881967,12.188959689183127,12.053983448454787,14.9894753975141,12.068759534376365,12.080182008439618,12.30755548863923,12.360004557906707,12.928368691590226,12.468552584854214,12.765653666330554,12.372424298517275,11.991117503672267,12.489646579399201,11.46776137735868,12.590178588671947,10.94408944861053,12.210280503238353,11.815126792543486,10.92478507798177,11.498051848297989,11.967895378741828,12.69728871176064,15.118259278885278,12.481546891061143,12.763845928272383,12.033783640972867,11.992408311712577,11.40923276924349,18.336326852990446,12.009289292394186,11.955680428624712,12.825804432949083,11.95829874392811,11.371140822809616,13.975999606195268,12.78190995059656,12.377197788260988,13.18813087899989,11.87455645253018,11.958828382410566,14.822723103176944,13.007905723429328,13.199393091461818,12.291013179696474,12.03467660053026,10.132912053443661,11.990615615133587,12.029535402156702,12.050555014414352,12.597042007601303,11.9547565072533,10.893968173229876,10.861941308321033,12.140952145626333,14.688977107394196,12.171974271244427,12.326167257472914,12.322746806375433,11.969123180109984,23.653858419912755,15.888706788748607,16.982282705617507,11.89331823853863,15.364172241642148,18.828524020361584,12.379544749522877,15.465985533800746,16.038336825987187,12.326421095646985,13.630254377412186,12.243017820960766,12.183299636603039,13.188278297465814,12.265477211682443,12.230847315272749,12.108234676732513
MO_016_model_0,13.89852272117518,12.970820070484772,13.113614994506376,13.166893750935206,12.779113750357643,13.255796792115726,13.243429990054901,13.28674571827779,12.986212122586066,13.23582789884636,13.223818620458426,13.280428769957087,13.108514960588995,13.021101068864198,13.289185015955843,13.038305405599347,13.307517547091274,13.005267659690112,13.072586158141679,13.146693915743752,13.05355505445242,13.208992403830212,13.177563322254931,13.06449770923011,13.343435507517428,13.326564094315707,12.988212843229551,13.210100577803525,13.202281699533097,13.198478738067479,13.37044140618652,13.079495159097986,13.03237326370195,13.470379047953898,13.50899950350723,13.634358736053839,13.15719857215925,12.914881221768956,13.12943299733617,13.093994613861897,13.409408255979606,14.134538222330942,13.081708028204375,13.515721178774484,13.15976680356699,12.871312560469145,13.218900976846328,13.448570976891483,13.390669008481664,13.617548349130068,14.143253787592739,14.103844876239854,13.001077281571373,12.960535121090338,12.785282120811036,16.687179478058287,12.964671439612085,13.141422821750579,13.25491804141129,13.702029422223672,13.58599297417318,13.86032501926537,14.011647732884173,13.579261959723222,13.3400500077839,14.044784848559187,13.3403345565902,13.625177077841462,13.23256198961883,13.616609678232217,13.634358736053839,13.507284832069741,13.515502635532743,13.097608166753897,13.151095572593677,13.217577531558497,13.180729410426444,13.207066522327892,13.22647234763189,12.946968661307473,13.564292851769933,13.113533823218708,18.986285527008786,17.819287422787895,19.741476816993444,14.750223551568547,13.519933219807834,13.268992709429106,13.671822890529212,13.522789164876912,13.263011265179621,13.576378705827139,13.033047233996978,21.26795482937302,13.245407867414265,13.291199926254007,13.06793224183848,13.269278469832097,13.602815269349826,13.246511682738118,13.796621997118791,17.554354984058467,13.023355178751586,13.177891452047222,13.988134719571772,13.855456431999567,13.514757729634225,13.101199183613833,13.676468894691325,12.676418150660782,14.581293647801349,13.137126861870213,13.200121184829895,13.40505860370295,13.075531733967106,15.680594500169027,13.234366918446964,13.30185313075644,13.246575003969719,13.09935323115503,13.18113499108652,13.41460351404333,13.047541557532893,13.147843669781384,12.936166929439322,15.883172023358341,13.39263359157251,13.188176714381086,13.561359172674026,13.255399576824304,13.89031032608872,13.759505284809022,13.671422843666434,13.268168314082159,13.336762344140375,13.415230531509762,12.948257866623686,13.371342324057062,12.882078270983223,13.2497269574477,13.069126178357116,12.871184223563782,13.009599989134115,13.333991614136618,13.676557471131476,15.608909456138116,13.43178078943182,13.80072379314573,13.378621225624531,13.232093333927532,12.970189005764308,18.53650385137312,13.135856127081373,13.12903294824779,13.572788914889875,13.17665318442116,13.008349831517803,14.650504290436347,13.97884348019062,13.285094818933008,14.2243076794612,13.038133928007996,13.176099511327674,15.240300998888017,13.939244015064773,14.13305989676865,13.298935296524942,13.136406237395784,11.92205349395109,13.155236354201318,12.62174003544211,13.165982462924077,13.644739950815719,13.202535582255368,12.839141880196124,12.890221559578723,13.702529439168703,15.13065946171111,13.244569288382772,13.401976848430271,13.185991112241993,13.600926089696227,32.45788437708715,17.14102425402066,17.433013623972375,13.012100357876504,15.639431683512013,20.605424565801492,13.247707607852744,15.381119863805171,15.924980903652493,13.34861359946203,14.005378846487623,13.500448848681257,13.302363797478494,13.75283402017169,13.271795347329226,13.54160995300337,13.234803152788269
MO_019_model_0,13.546956839782489,12.645596655699345,12.844924430805662,12.90805473056818,12.413163954550459,12.923468106458039,12.88810945884651,12.911690790400856,12.781679722879362,13.136570856021313,13.227887950155177,13.223492925951371,12.776101450206975,11.42957487398742,12.857240831317819,12.579305745362289,12.983862986424551,12.681186999919015,12.733816599937104,12.905725205256607,12.740800121873175,12.94847768998019,12.753926766997957,12.671326256324765,13.211268442147357,13.459119380084994,12.778853506780278,13.013575606909347,12.803157991459683,12.881422009416337,13.187148823128418,12.692579257346887,12.669548680840155,13.08334377844768,13.091592713231138,13.090778564450876,12.978658275508067,11.542516917483,12.819044787053784,12.684515470225113,13.037449331076026,13.787288958424574,12.755985609645485,12.617887549204063,12.930228137845917,12.931497600723938,12.94720965778602,13.072393057365405,13.049049905418634,13.447979888568852,13.777461955382735,13.791232382751723,12.485575899995393,12.61928916560119,12.168209389097973,16.237600507129155,12.153282690233157,12.787306121444216,13.001269713997788,13.19980678570043,12.99751979697717,13.136752351829802,14.01845614830462,13.205870123801313,13.108288647845951,13.93989069499639,13.138848673709047,13.127465207222015,13.001748325365556,13.142958195572765,13.090778564450876,13.184060487115383,13.074229106689213,12.21583513745581,12.862616820866227,12.943743593599534,12.884795399061021,12.826699019141328,13.027159155235008,12.602921407915137,13.342636413518122,12.686238509223424,18.26510668963348,17.19606950659224,19.555609678726285,14.523010303813715,13.125473967333798,12.542100377261493,13.28725665107507,13.51569008330066,12.912969990574743,13.133361739188173,12.827040908151966,16.651396986505418,12.971861716024291,13.037011996156425,12.751988362349719,12.920984197522985,13.15454446673197,12.920928788035706,13.56383998219145,16.977234337263486,12.528809695974758,13.06190354364209,13.7207264412283,13.66095374650576,13.69616904497616,12.896995050676063,13.944031538302847,12.852782825770515,15.125150600456832,12.721412703780802,12.91606137202033,13.047068038356194,12.842796347032046,15.41521799972242,12.805280232882374,12.921781572005271,12.82345763730825,12.878384879031831,12.773402875606479,13.115719105043068,12.727262855518285,12.958207105265297,12.766361836192596,15.750504986741703,13.017038339202086,12.914176988484742,13.264940237590027,12.985076501608772,13.436716086021667,12.909371317362123,13.2106166928394,13.156738347299804,12.770580609932043,13.067422511710365,12.52715376755538,13.48437871813467,11.751388234008015,12.871044914938638,12.694434532289105,11.692708796198218,12.406260993797469,12.760676212849791,13.214182147792444,15.65150579199158,13.282687577517445,13.354851894689928,12.831046183535182,12.918114818782266,12.457105604962344,18.823464322837967,12.841312806825567,12.742419296074068,12.82251064618455,12.746437964397941,12.178362901829095,14.328801242426076,13.851146089037393,13.034758128314827,14.29572818665436,12.834594339364871,12.746604539557215,15.801748610429277,13.851839452904589,14.045470991308486,12.979493228667746,12.804422594167976,10.082330916968843,12.769605373167122,12.099005053730895,12.689167504682647,13.274376555063585,12.791143748736243,11.629799863580194,11.54503953894513,13.194824893604473,14.655357013177756,12.952289750717014,13.032127439989425,13.155939622321604,13.188149488857931,26.721220602874833,16.72386957336155,17.425469565220784,12.682670060294308,15.859705748604652,20.2520744746802,13.150450701821828,15.750280697899894,16.342898897640755,12.700450720971437,14.01656137842925,13.073212255513102,13.042618699665486,13.602052805806288,13.082227770644687,13.068743676016854,12.978292071001796
MO_020_model_0,13.761796605622104,11.992968464749643,12.632580070422565,12.549598398861283,12.86755753026781,12.781276340252896,12.587375415034389,12.763995380664133,12.314169818060034,13.272757321160082,13.402825535002172,13.419681275250376,12.249506412282281,11.45271073142346,12.133034553395174,11.941992113118193,12.775332078817572,12.316308605144021,12.20322265519051,12.504541066445967,12.124118319934809,12.714748821858796,12.245364158273965,12.092961264062529,13.416442793691182,13.491562027643589,12.229162923935986,12.784416890614722,12.2742669090779,13.305464972805012,13.420239019499153,12.093870122272767,12.671451377486246,13.18326486863858,13.463185175081682,13.524351732281815,13.323289660752597,11.363333836943491,12.341890177591077,12.21783800787638,13.236038883818996,13.974760715333131,12.487749406108104,13.42961378897344,12.88272107655757,13.141337237088823,12.96797619167839,13.49652693243501,13.46469333434826,13.692938288687246,14.061534262331204,13.986470621807467,11.873785314066359,11.843230722652207,12.755574460778075,17.09553332011295,11.78251154180988,12.23548847306691,12.610091794134345,13.479474012992021,13.404047577146166,13.796119372936179,14.036458410506818,13.411582843214418,12.917614098914378,13.992790306847262,12.74055080838178,13.652716140907977,12.831577513295574,13.474029762726948,13.524351732281815,13.384203709142701,13.344217117068059,11.75736469556028,12.67219512457912,12.658714652857524,12.81094947579447,12.275675122948336,12.768165922791985,11.810918291893085,13.569176152545692,12.09935063940923,20.72817576303223,18.04732300076204,21.613975649404956,16.06360978490769,13.330635367170615,13.239695475610107,13.598822803359738,13.416786349719972,12.597063912767169,13.470149766924312,12.223215390787844,25.060103663604465,12.75226249106277,12.638169787428025,12.140732419551334,12.797549628009609,13.541253512515851,12.711451300088351,13.534429209955722,17.852452033452774,11.890326309745664,13.198332223561534,13.938556882384974,13.788916730238498,13.448200688866695,12.829082089792095,13.67340624046314,12.918267153612609,15.101591299074915,12.046913810472741,12.931763545182497,13.36449083967455,13.160614004320852,16.489650736751027,13.13416015956396,12.719280048137492,13.180573405691016,12.292644066254141,12.534138648733748,12.672027817689575,12.082404621992767,12.812393590819893,12.353551390545674,15.404076602725711,13.276787459276076,12.535001055243175,13.379915594614303,13.35178980077918,13.733607559995148,13.559851343528686,13.614724821747346,13.392702745721927,13.052029997777062,13.427163610214286,11.793385185926178,13.512222142857407,11.431930926776266,13.103696021007092,12.080944451496794,11.386192717192156,11.837811804723296,13.245431741088508,13.544902545418086,15.665176726000212,13.500584693413533,13.67716302257951,13.080459469454219,13.340589194049628,11.837172378739949,18.792075478345367,12.352932277210341,12.161453443951537,13.529383513436876,12.174134256285916,11.783146253027988,15.171807137198071,13.798547118815868,12.808001397077913,14.298368537968493,12.184875369080196,12.244309619968103,15.57395950410472,13.777486920212693,13.933450451353238,12.763971671426267,12.262535698142523,10.254874571237274,12.2482749633008,12.59479486049206,12.533587567577383,13.343323504950895,12.208139905666808,11.31522092933407,11.338686227153387,13.475764115511174,15.636692433320773,13.02444023059974,13.280766508038333,13.32906066829923,13.397891602998119,37.72640908974758,17.298662865009625,17.66781795929552,12.144002776533606,15.320812708837066,20.481933854746835,13.35328340255551,15.842563530078195,16.388661329947702,13.316196375951515,14.048122389458777,13.322984769467409,12.860759378144357,13.711979426653672,12.688770858164801,13.551859023646218,12.829880622095576
MO_021_model_0,14.632189136387808,13.542800205328962,13.65016740640791,13.708234506570388,13.470700228269637,13.739961664093336,13.70485866130374,13.764910496116876,13.637114534543219,14.003078091454293,14.140690551904058,14.15262698406617,13.39468246944501,13.152552670569998,13.607088168223447,13.48762291785032,13.792293025777122,13.351747780496714,13.582592126983926,13.462153051336474,13.464190044214531,13.777125419633183,13.446916846446378,13.339845860099002,14.106191764219517,14.117787873018163,13.702899708641564,13.857703101498267,13.685839366888482,13.804645340667069,14.106137978560268,13.507949887441153,13.49214182154383,13.831001997439062,13.970669988075208,14.082163917113952,13.887268965294464,13.091583215603135,13.318090263093477,13.496287201045464,13.92798627367355,14.783704364890747,13.471865582155782,13.964809032543302,13.757288591877758,13.853349371772216,13.791871815400842,14.101042280984714,14.142164905042357,14.27522159046504,14.750345660712652,14.798224141381965,13.48600622895411,13.334432018628712,13.539123833055427,16.93611526191046,13.443546326573777,13.572508443384574,13.790656772244493,14.097694008890642,13.95144764749897,14.5767934231209,14.611106499974753,14.1156430662427,13.724150898136603,14.68004517677899,13.640060050789087,14.269316938610615,13.644209500277523,14.047949679813557,14.082163917113952,14.077715717369603,13.909072229549212,13.346864972911433,13.69353289861654,13.731140356581795,13.656363727575764,13.68698803342195,13.884646625470209,13.344353371815469,14.136064899348362,13.518551134371084,20.689144460871983,18.09543517545671,21.722810902680624,15.667669774110935,14.011646929088819,13.754114642947638,14.408413875188899,14.252739855133825,13.709701131789426,14.340141070829173,13.76671263684353,24.480498297625232,13.813657869033927,13.591956462479951,13.480948741575915,13.756261403212148,14.181217411395574,13.749362374433657,14.065494932264471,17.624854546148033,13.457801717593657,13.942006239549576,14.64589924564127,14.451029906401498,13.997857435563025,13.712977809110429,14.341602624323803,13.66616368726294,15.134772890016736,13.55734155939212,13.765232805562349,13.98112941797425,13.861999848840542,16.386131596218082,13.794312761108737,13.749182712487892,13.912997729872036,13.4505609687303,13.44411156696482,13.72816480409825,13.62116364288854,13.759659802059739,13.310521532626753,16.05617781475562,13.937815118129333,13.718670510825904,14.014431717379711,13.880893289200378,14.52917476650101,14.295891783337131,14.20211997553448,14.076254750893982,13.805366585402984,13.93969346151893,13.408542727444376,14.127399860295268,13.238041845911273,13.745833038355114,13.505352279923274,13.162286140662724,13.408392315127022,13.823307590735984,14.023012382317935,15.522075926037893,14.190646714949416,14.160505628165247,13.816849260480604,13.839710053728238,13.46194665653985,19.030241575968507,13.31723454866048,13.534821076925148,14.183502794964895,13.567501210520009,13.40947837333774,15.28047074112793,14.460124059313427,13.537494949874086,14.910683687213844,13.522376081214922,13.452199944318142,16.00879891659271,13.99982743125216,14.22151395912551,13.610098342538853,13.44570721595056,12.039258443702778,13.412092014660512,13.318612722273924,13.41326076935561,13.989658947604367,13.605113797804137,13.046632919139965,13.06741676205262,14.093121342326256,15.452248158728532,13.770866240219748,13.916066485841394,14.04552894248413,13.911999993512055,36.84965612412884,17.282065017208172,17.937359395697126,13.53354326704814,15.724884813276276,20.432331138944495,14.067083241819379,15.951399346520658,16.484905347231628,14.100320444430881,14.574978849793537,14.027044044030347,13.671631597184405,14.403026365338292,13.600122377174971,14.160416097321216,13.638786585800114
MO_022_model_0,12.954960555246396,11.642424444517228,12.012870922928405,12.035967680394243,12.42308258263789,12.142327576850656,12.013321855929666,12.115402390517053,11.922999759519625,12.666092381124988,12.847898110220754,12.92072456517613,11.72345466862303,10.776174753907645,11.732225769904268,11.447956452173132,12.209943520219163,11.76414926363022,11.895434931709614,11.787466879471179,11.58537550870898,12.1853156248052,11.717010210514534,11.545248168640537,12.907568840484865,12.908311335883814,11.869741126911773,12.210182926483514,11.712048987055077,12.820455556550051,13.04106859509087,11.58795206034285,11.938698350475898,12.76290209112753,13.24737704878918,13.224857073982832,13.020755622887917,10.887059030914727,11.731190738738539,11.711435250981708,12.421898242357978,13.084203536646468,12.117885817019475,13.073360764745765,12.251755089841337,13.274009354078926,12.35839002924965,13.026886876470352,13.095714100752229,13.319918373290209,13.415339163472463,13.2653998378762,11.466779990434487,11.365780938081704,12.87022981862904,16.50169019198703,11.262338389751095,11.914348928703165,12.104285632388349,13.182096536662902,13.171958597402506,13.291693380450669,13.653743311628324,12.611903331381678,12.232594781133844,13.51620686379237,12.162593663545106,13.010540940504338,12.124863421208607,13.231268012007018,13.224857073982832,13.136686898016803,13.070932857795782,11.616170944334526,12.0415456299477,12.094383920343201,12.078445733092725,11.733687114822963,12.213064109964854,11.365311538625352,13.314622013736836,11.642661557248541,18.27630020371381,16.681562900736996,19.224468521338327,14.457709545327075,12.483908730087267,12.89330745200832,12.665799689090475,12.946062220078147,12.019459248303235,12.64755048719339,11.89739905528293,17.100061245810714,12.210540961139552,11.91272676049191,11.600208531151747,12.132728409919988,13.255584773426198,12.166492068956764,13.161462329887986,17.18920199323039,11.423023851692081,12.58196954504842,13.314674413604097,13.106504258553464,12.91807242558442,12.237158408641086,13.05977151264009,13.085597397956075,14.762154096733843,11.676638423048919,12.296866835860298,12.972126146618928,12.877721705554755,15.534010459099497,12.238265226085991,12.083856132185177,12.910156420179026,11.705771161077717,11.804965511700608,12.157150166449442,11.724007405850118,12.277741566635763,11.703768051965763,15.246981050139993,12.6720387867812,12.040444767959531,12.8649739850861,13.093069329780189,12.865022745947801,13.16492902825422,13.302669095132899,12.949518492940792,12.211456939846574,13.203444911539556,11.469989040833582,12.910205091827278,10.993900049837798,12.37871627038685,11.58175581175137,11.002621979998562,11.345020044514932,12.58191328366441,13.344759160197233,15.557934889501814,13.110882930624316,13.445590927203854,12.238085643375411,12.852653784932173,11.42120762394461,18.533417636958312,11.745657422173862,11.844771700659859,13.548611469193883,11.873646104820926,11.254272716069552,14.03128361416515,13.39227256517035,12.187801532172747,13.542898150985005,11.769635750907982,11.717218638408392,15.131678417326873,13.143686213210971,13.454464874676269,11.988649044727984,11.75248302181051,10.855342894097308,11.727247207638802,12.824994393575185,11.737030667439614,13.005846284114476,11.695135837112682,10.906054149578745,10.88163249213917,13.184947559686357,14.918260956729773,12.382745889324557,12.626890632519016,12.773435733609723,13.093312447707541,27.885214464984376,16.69373439998347,16.98324589132981,11.852792084175466,15.406786982842826,20.183809612052144,12.85829883512469,15.589819484524034,16.125997590258176,12.891150534025906,13.640821017631158,12.449777165674966,12.149261522681405,13.230421786450357,12.140981655757201,12.890795311449473,12.102869364613024
MO_023_model_0,13.635502824449425,12.557062060522055,12.664433253733032,12.733896892104665,12.624441313197794,12.844187802063537,12.744754231760579,12.817063348527672,12.585105841888693,12.992387086557262,13.110270079840413,13.122347833032409,12.59453211461397,12.4440586578593,12.758438481173403,12.511225091375218,12.798312682862193,12.426773745495073,12.474496770178478,12.72340044609545,12.562201169685888,12.839427728790662,12.605969266786216,12.521883163561192,13.112493568458474,13.333249627407044,12.589229533482959,12.846455459736971,12.715203409609249,13.169572026888215,13.184441681944538,12.61295016750445,12.697083273168989,13.006093171304787,13.211735689284309,13.365257809910117,13.057167042910844,12.337848071141178,12.519556085784508,12.587911826906947,12.985986962441666,13.77307354117405,12.480678635894451,13.20334448208663,12.89327859821403,12.860465609598336,12.908315714530227,13.177306616182133,13.16765495018735,13.362764253636891,13.705057147605984,13.847883272368426,12.542997958316082,12.411437506515162,12.627506535646505,16.96924670346909,12.41474395702951,12.525207208813805,12.831348347159198,13.552686996537883,13.41234162737687,13.630714942069126,13.932534372909346,13.160619095827558,12.819084588857585,13.839810062469535,12.76996505273101,13.247292624630704,12.698636854344308,13.481569220608824,13.365257809910117,13.230494313941447,13.3464936595118,12.655367884393868,12.708337781838392,12.787293865212455,12.767066801336423,12.723844635213496,12.849742351554161,12.39829466255963,13.318103042461338,12.624865364572821,19.94138445353382,17.75796838742665,20.781059480047904,15.526088767745037,13.080953107333412,13.005010943247147,13.404017028113604,13.296555421392954,12.76249118221547,13.311607074417266,12.659333108716272,24.257325449229658,12.883503990908432,12.859023599686813,12.576217482751018,12.868173074882524,13.39239111930437,12.747724320669246,13.47036072264917,17.694014119661304,12.496505500821938,12.936120754197107,13.554507900369508,13.334790201388866,13.221269836004561,12.835845723873575,13.317990072343063,12.677652138451094,14.920774653142848,12.612619716460463,12.833006769956537,13.119536132748067,12.884379315386921,16.255365130917035,12.982349195835512,12.809106015367727,13.031505432347927,12.631274488283468,12.757985796923398,12.93791620393539,12.638841898947692,12.848157775041454,12.567715977738862,15.825968820019796,13.12348157921771,12.763539900824378,13.146068614962962,13.086842059401254,13.59499058736552,13.506808946072171,13.44367436103379,13.091558913593916,12.917331758138724,13.154735930745867,12.429084618938179,13.331814350271625,12.331667986081396,13.050300247363664,12.608467532968216,12.312408875923378,12.506960175541105,13.06418679795753,13.288748041077396,15.569174278733735,13.246447301670312,13.433958375039522,12.938269515292586,13.203590390309246,12.51642511210753,18.76010624318341,12.524024245549395,12.512878680960378,13.45243117344792,12.563617710542719,12.449809428705242,15.076634454508415,13.674479974447635,12.823713880529233,13.768584662041546,12.51393449281819,12.605012959666725,15.161902279526762,13.946277344418625,14.081059618161037,12.91179105932192,12.620061784520647,10.412466001655734,12.596721424260235,12.464177627942856,12.77802213724106,13.172391899593922,12.74372056560268,12.285858153842154,12.315070371309398,13.552640679136788,15.431809110338126,12.844084696156932,13.049107398271493,13.031963107967366,13.443072804335598,36.33551190916032,17.24617676845365,17.69404368843881,12.413622510130944,15.16776218439749,20.441726142190078,13.0649493552062,15.616255851091543,16.152103960485828,13.133163569701376,13.904243544816254,13.095367817198301,12.77368169323965,13.563786585763898,12.69815109427567,13.147715197161192,12.706577579360342
MO_024_model_0,15.968071916867919,14.668440721615658,15.004575623891524,15.015662404889081,14.666310098871646,15.100937282024057,14.935125670475426,15.00149806900769,14.945044160622476,15.419689339310459,15.493525914671334,15.542897602332788,14.683413206746497,13.296686984283138,14.517656981168155,14.353596903370319,15.124162513759789,14.710433252313903,14.89919195756075,14.902190180352084,14.671874060923088,15.08448102684321,14.722903303750186,14.539156512157039,15.44822256849888,15.606178989552419,14.94409377804805,15.203475151290128,14.800833477329082,15.359923226574457,15.408741239263945,14.612690985874954,14.712763914614367,15.161682843717106,15.494195642564337,15.510599373614436,15.406598139232406,13.398059989030406,14.766647022010932,14.728818138462916,15.28243347290223,16.074701234695077,14.906451216829172,15.347009569453805,14.999081349447865,15.610145467828207,15.153991485149238,15.527745235610737,15.666368439230974,15.721710600328187,15.942511017525478,16.133519471431462,14.328532116744213,14.26303883032977,15.295213617038456,18.347190735388242,14.227072346547596,14.880492127752168,15.063473362325839,15.647966812910385,15.3877562057496,15.974207194728294,16.0491898539165,15.495740305359517,15.099093862302137,16.069342516018658,14.978041410630743,15.516031263826514,15.031961170012977,15.526396738214038,15.510599373614436,15.550475216491606,15.454790090176889,14.188455469531002,15.041489510739297,15.046900561750133,15.0135900440123,14.815770261248478,15.231767809127385,14.276842713239093,15.546046901077103,14.639814883750747,22.88329892162246,18.887498836380107,23.767614957772725,17.28844639876871,15.322136159129789,15.149302660098897,15.6539852215596,15.682158989068688,14.925200281854165,15.636958630333448,14.947490080183893,25.055514619885603,15.085268873798832,15.01932359670388,14.686911437701417,15.090146703321764,15.563226395462015,15.102054288658806,15.436952935461038,18.706528679604464,14.338029804157006,15.347813991591028,15.863494528247594,15.556343884372524,14.902619044285885,14.981673324143713,15.330797636405103,15.36722400634525,16.968562623203677,14.642266701249667,15.124864964427958,15.4806508304255,15.433123683220202,18.450619945961463,15.14185975833709,14.971490360505932,15.386120160100795,14.725895538896804,14.559237950098852,14.96521335196283,14.73948021080117,15.101973438445327,14.743975719576408,15.774699890385593,15.028874742000356,15.01888298237427,15.223798132783568,15.436781103230343,15.771569289719537,15.661766770622112,15.538798246445488,15.41257870850024,15.133143618679922,15.4819943849582,14.388562873022392,15.643205162583385,13.645770266789894,14.735961511689608,14.622279132913093,13.677078705506467,14.409048013438614,14.983538533313473,15.56965640153888,16.582420845237625,15.492625704551424,15.675293419270506,15.12300299912261,15.380031445701455,14.300574232967287,20.047636011838648,14.776649187144885,14.810022168033882,15.560030870037203,14.786115601063383,14.189262801719979,16.47027155378307,15.713805781308066,14.950663471702294,16.050646085821604,14.81651384621029,14.737889187670133,17.340427693704758,14.304093852583232,14.606375331311954,14.923259984979692,14.720366730012802,13.347002333364784,14.69659240510622,15.149433436384445,14.68243162043905,15.272237598943525,14.663749933385658,13.488153099974848,13.39320525321108,15.645944545328687,17.198031485994957,15.102182209860782,15.176726178629421,15.471727678663802,15.609690027016192,37.39800024863244,18.061157040239767,24.407028997431073,14.873235974045276,16.816050974670414,21.198487262143622,15.471973153892316,17.38525253198961,17.919145204987167,15.5686178337815,15.982615520750723,15.362522143183924,15.041260130664412,15.776609028461527,14.963554231022613,15.402903501813023,15.016132745363173
MO_025_model_0,13.45503074405635,11.889364317630683,12.222161063044537,12.30913687224527,12.439300392501142,12.364519113741258,12.273603537958142,12.322792346278,12.172718788030886,12.758008279202315,12.799238620972101,12.855510039101251,12.169894294118622,11.175174469529331,11.924020509428365,11.546174633138609,12.30038798755069,11.927782320906427,11.795572100466892,12.408842305113682,11.929279465104543,12.426425607880367,12.098709704048943,12.000804174461598,12.866174091484744,13.19803897129395,11.94098188286209,12.2741585818276,11.881118481362979,12.99215100421121,12.987513037360273,11.993404790622899,12.174286986832186,12.595594168877021,13.284753653183866,13.41702080378881,12.983075084226085,11.247060516755461,12.079774844071022,12.019537158450694,12.492586964479761,13.52311654661939,12.025699641576319,12.90627916818579,12.509280064881942,12.88694546448027,12.320073570957526,12.721517927430806,12.819586083283191,13.131269478354108,13.40961686002478,13.721093496177671,11.654841086270968,11.792950586860114,12.533795303195582,16.93215830766061,11.105457733428683,11.778748706748097,12.375220195167085,13.403078378038913,13.326905362718433,13.2286818857521,13.839915722936647,12.663943783302996,12.461577926374337,13.799226687119985,12.50430893040157,12.717180804258746,12.341637129501985,13.396832480935652,13.41702080378881,13.169955054276185,13.331720556064315,11.95889028543167,12.250823067349087,12.36259909548794,12.353602324239915,11.924308282278059,12.270266769203154,11.768438279167984,13.147396942521377,11.98696464361613,19.82114371381196,17.882548379448675,20.922282651967855,15.768542897563249,12.656926505481417,12.740064147853026,13.077430993934987,13.257874430916718,12.295339298980942,12.96138427093489,11.966475140385224,24.620689214053026,12.410882384424813,12.544972319057162,11.936083631980994,12.365334283921877,13.346595244558198,12.246068637956109,13.684400052843738,17.97532407551382,11.548397789302346,12.679832704117503,13.326034124102389,13.011169643812623,12.950714995585592,12.485589757685233,13.257506205420482,12.688934058456791,14.873158420475407,11.790450188958326,12.285169906733305,12.760209609618968,12.540172174526067,16.25806378905758,12.41564857598678,12.32181039901403,12.756963228162633,12.093495106623484,12.172424656607603,12.477850028217636,11.96610434394003,12.52969089028156,12.28133200565706,15.698898039964677,12.610397095673115,12.327627851250911,12.86251894673038,13.082067917091184,13.342409973312682,13.17381839518348,13.424854913488545,12.870174615032644,12.463527174550542,13.208597145127568,11.63157514459554,13.250985971417725,11.180775257821026,12.393084595876907,12.000442173279504,11.267396085025117,11.73009718617802,12.654416920192201,13.43536932250594,15.892390053652525,13.048948188175507,13.58266600390296,12.553216248393666,13.015825105065545,11.609394418720205,18.66808393755238,12.097371782391775,11.710629841981515,13.396058922929827,11.721667730011566,11.179616762111927,15.090393638605118,13.87018779277273,12.535166963847177,13.59671001849848,12.088765976323707,12.101108570966883,15.330990127811193,13.182273461787911,13.45724964822743,12.559733001459255,12.175241620971505,10.960911657874654,12.172380353380651,12.45396506826477,12.428410328297517,12.732534736706429,12.127402477277025,11.268533201278856,11.238722760739385,13.414042510847647,15.426310956712864,12.415693955678103,12.611409840696851,12.798746998606763,13.298424166718501,37.15423134107934,17.19983174157321,17.723235401483443,11.73666985726574,15.301583900133869,20.47323584084445,12.83828038004896,15.444771504534081,15.996658749646357,12.741064895239901,13.834743710358293,12.531678089176143,12.399910808051073,13.43351023516288,12.434932080596758,12.664873965067056,12.328196498076583
MO_027_model_0,13.57619686079695,11.854555801278652,12.211010624948546,12.25178618607457,12.299161470221017,12.248746508804555,12.231865094130727,12.29736534024416,12.123730296788072,12.67835492769286,12.817370185548322,12.846578792967321,11.982717074607827,11.185830998980924,11.98835178769567,11.687610076596886,12.365609315150836,11.953926221257973,12.014642869571016,12.043268485517258,11.844897316001562,12.258231128360773,11.997094235823914,11.88538517494068,12.83133746395709,12.998720785658662,12.049441125588908,12.329547399883202,11.89344153726705,12.707111848994996,12.998763399340692,11.880002354968576,12.056820478840569,12.619835828429286,13.210536654684004,13.329667658459641,12.849871186386999,11.250469795261441,11.971186979008284,11.939469180284153,12.548201335215364,13.729602301445738,12.168001858205992,12.782312131553345,12.45145704271452,12.7426438312186,12.406395976392691,12.793994009585024,12.816887386022302,13.252429986179116,13.684126916571358,13.802822644367534,11.71412744569868,11.753266155599897,12.207391948407947,16.804322299007385,11.383333549063021,12.0371435070037,12.303280225861519,12.730391144704313,12.639332008832088,13.137369608916126,13.757988645354791,12.72395864574331,12.437473443569933,13.803598767941917,12.391459520610496,12.821569882429916,12.33946192708132,12.73234782854094,13.329667658459641,13.227685918962774,12.605879381535456,11.723583611268664,12.234092329417075,12.288609719732984,12.281321597220652,11.921068800785442,12.3370123250992,11.741256289660905,13.136487098987072,11.896557277364561,18.512550173619506,17.251738840723657,19.469187682265506,14.385278360396502,12.692046501337956,12.618975516002001,13.323179237876628,13.407124493677475,12.260558438306104,13.197110860673162,12.075561860330513,21.50836814673337,12.284437950290844,12.173753561421474,11.856224882791611,12.252624119362372,13.2693844324864,12.303796955561152,13.634461290980806,17.205021778609858,11.630187164874657,12.599993168573693,13.599098191698035,13.400193279120803,13.148318745531695,12.427172320584832,13.499839073308335,12.601599546619502,14.543116053066438,11.805771687209527,12.357881242357607,12.73288752729018,12.575135430469276,15.494747150701322,12.324162993681318,12.28507946186341,12.850207154651882,12.027754514511892,11.916006525749282,12.269264208145877,11.943322186933203,12.358854235320996,11.99673513427948,15.401013279159816,12.635787223260671,12.219234078106359,12.917963776673284,12.920084139603384,13.504986124035375,13.11126493870152,13.37851841129526,12.82169686974511,12.354963715249855,13.134631458168245,11.673126306724685,13.028594371589357,11.300461036852523,12.297735639657525,11.883557509634612,11.268793396417154,11.655637987763201,12.493958248531605,13.3457118400338,15.24839555440637,13.079636471583221,13.501498957362768,12.42378552184383,12.74361812293451,11.680171939654665,18.174164768993727,11.992374690149132,11.973782309912863,12.493094894212721,11.97991394128633,11.38841707496179,14.550843996462568,13.8245088888523,12.258090965081545,13.823723186759603,12.067744406787888,11.992440530604846,15.315748624086975,13.258597559753364,13.368312894501708,12.159194254254887,12.009506888091646,10.045360839429357,12.007039195482522,12.118599248110081,11.865219696223793,12.82479613435508,11.986498115120114,11.269141628340464,11.247225540775391,12.732021384798884,15.262555594783032,12.44474029051061,12.621770340221948,12.741446036027439,12.824760680212561,32.916901141210424,16.835646818589172,17.229690029701985,11.95591382546112,14.844440362279066,20.30861858295717,12.773096000512849,15.346243098511609,15.878612717167956,12.676040406776435,13.747271354252467,12.592789181521983,12.364290850698268,13.488791997337875,12.326187437414262,12.75157398516733,12.318934953395276
