Original_Column,GRN_Label,Auth_Seq_ID,Helix,Is_Pivot
1,n.17,1,,No
2,n.16,2,,No
3,n.15,3,,No
4,n.14,4,,No
5,n.13,5,,No
6,n.12,6,,No
7,n.11,7,,No
8,n.10,8,,No
9,n.9,9,,No
10,n.8,10,,No
11,n.7,11,,No
12,n.6,12,,No
13,n.5,13,,No
14,n.4,14,,No
15,n.3,15,,No
16,n.2,16,,No
17,n.1,17,,No
18,1.49,18,1,No
19,1.50,19,1,Yes
20,1.51,20,1,No
21,1.52,21,1,No
22,1.53,22,1,No
23,1.54,23,1,No
24,1.55,24,1,No
25,1.56,25,1,No
26,1.57,26,1,No
27,1.58,27,1,No
28,1.59,28,1,No
29,1.60,29,1,No
30,1.61,30,1,No
31,1.62,31,1,No
32,1.63,32,1,No
33,12.001,33,,No
34,12.002,34,,No
35,12.003,35,,No
36,12.004,36,,No
37,12.005,37,,No
38,12.006,38,,No
39,12.007,39,,No
40,21.007,40,,No
41,21.006,41,,No
42,21.005,42,,No
43,21.004,43,,No
44,21.003,44,,No
45,21.002,45,,No
46,21.001,46,,No
47,2.49,47,2,No
48,2.50,48,2,Yes
49,2.51,49,2,No
50,2.52,50,2,No
51,2.53,51,2,No
52,2.54,52,2,No
53,2.55,53,2,No
54,2.56,54,2,No
55,2.57,55,2,No
56,2.58,56,2,No
57,2.59,57,2,No
58,2.60,58,2,No
59,23.001,59,,No
60,23.002,60,,No
61,23.003,61,,No
62,23.004,62,,No
63,23.005,63,,No
64,23.006,64,,No
65,23.007,65,,No
66,23.008,66,,No
67,23.009,67,,No
68,23.010,68,,No
69,23.011,69,,No
70,23.012,70,,No
71,23.013,71,,No
72,32.012,72,,No
73,32.011,73,,No
74,32.010,74,,No
75,32.009,75,,No
76,32.008,76,,No
77,32.007,77,,No
78,32.006,78,,No
79,32.005,79,,No
80,32.004,80,,No
81,32.003,81,,No
82,32.002,82,,No
83,32.001,83,,No
84,3.50,84,3,Yes
85,3.51,85,3,No
86,3.52,86,3,No
87,3.53,87,3,No
88,3.54,88,3,No
89,3.55,89,3,No
90,3.56,90,3,No
91,3.57,91,3,No
92,3.58,92,3,No
93,3.59,93,3,No
94,3.60,94,3,No
95,3.61,95,3,No
96,3.62,96,3,No
97,3.63,97,3,No
98,3.64,98,3,No
99,3.65,99,3,No
100,3.66,100,3,No
101,3.67,101,3,No
102,34.001,102,,No
103,34.002,103,,No
104,34.003,104,,No
105,34.004,105,,No
106,34.005,106,,No
107,43.005,107,,No
108,43.004,108,,No
109,43.003,109,,No
110,43.002,110,,No
111,43.001,111,,No
112,4.46,112,4,No
113,4.47,113,4,No
114,4.48,114,4,No
115,4.49,115,4,No
116,4.50,116,4,Yes
117,4.51,117,4,No
118,4.52,118,4,No
119,4.53,119,4,No
120,4.54,120,4,No
121,4.55,121,4,No
122,4.56,122,4,No
123,4.57,123,4,No
124,4.58,124,4,No
125,4.59,125,4,No
126,4.60,126,4,No
127,4.61,127,4,No
128,4.62,128,4,No
129,4.63,129,4,No
130,4.64,130,4,No
131,45.001,131,,No
132,45.002,132,,No
133,45.003,133,,No
134,45.004,134,,No
135,54.003,135,,No
136,54.002,136,,No
137,54.001,137,,No
138,5.50,138,5,Yes
139,5.51,139,5,No
140,5.52,140,5,No
141,5.53,141,5,No
142,5.54,142,5,No
143,5.55,143,5,No
144,5.56,144,5,No
145,5.57,145,5,No
146,5.58,146,5,No
147,5.59,147,5,No
148,5.60,148,5,No
149,5.61,149,5,No
150,5.62,150,5,No
151,5.63,151,5,No
152,5.64,152,5,No
153,5.65,153,5,No
154,5.66,154,5,No
155,5.67,155,5,No
156,5.68,156,5,No
157,56.001,157,,No
158,56.002,158,,No
159,56.003,159,,No
160,56.004,160,,No
161,56.005,161,,No
162,56.006,162,,No
163,56.007,163,,No
164,56.008,164,,No
165,56.009,165,,No
166,56.010,166,,No
167,65.009,167,,No
168,65.008,168,,No
169,65.007,169,,No
170,65.006,170,,No
171,65.005,171,,No
172,65.004,172,,No
173,65.003,173,,No
174,65.002,174,,No
175,65.001,175,,No
176,6.46,176,6,No
177,6.47,177,6,No
178,6.48,178,6,No
179,6.49,179,6,No
180,6.50,180,6,Yes
181,6.51,181,6,No
182,6.52,182,6,No
183,6.53,183,6,No
184,6.54,184,6,No
185,6.55,185,6,No
186,6.56,186,6,No
187,6.57,187,6,No
188,6.58,188,6,No
189,6.59,189,6,No
190,6.60,190,6,No
191,6.61,191,6,No
192,6.62,192,6,No
193,6.63,193,6,No
194,6.64,194,6,No
195,6.65,195,6,No
196,6.66,196,6,No
197,6.67,197,6,No
198,6.68,198,6,No
199,67.001,199,,No
200,67.002,200,,No
201,67.003,201,,No
202,67.004,202,,No
203,76.004,203,,No
204,76.003,204,,No
205,76.002,205,,No
206,76.001,206,,No
207,7.43,207,7,No
208,7.44,208,7,No
209,7.45,209,7,No
210,7.46,210,7,No
211,7.47,211,7,No
212,7.48,212,7,No
213,7.49,213,7,No
214,7.50,214,7,Yes
215,7.51,215,7,No
216,7.52,216,7,No
217,7.53,217,7,No
218,7.54,218,7,No
219,7.55,219,7,No
220,7.56,220,7,No
221,7.57,221,7,No
222,c.1,222,,No
223,c.2,223,,No
224,c.3,224,,No
225,c.4,225,,No
226,c.5,226,,No
227,c.6,227,,No
228,c.7,228,,No
229,c.8,229,,No
230,c.9,230,,No
231,c.10,231,,No
232,c.11,232,,No
233,c.12,233,,No
234,c.13,234,,No
235,c.14,235,,No
236,c.15,236,,No
237,c.16,237,,No
238,c.17,238,,No
239,c.18,239,,No
240,c.19,240,,No
241,c.20,241,,No
242,c.21,242,,No
243,c.22,243,,No
244,c.23,244,,No
245,c.24,245,,No
246,c.25,246,,No
247,c.26,247,,No
248,c.27,248,,No
249,c.28,249,,No
250,c.29,250,,No
251,c.30,251,,No
252,c.31,252,,No
253,c.32,253,,No
254,c.33,254,,No
255,c.34,255,,No
256,c.35,256,,No
257,c.36,257,,No
258,c.37,258,,No
259,c.38,259,,No
260,c.39,260,,No
261,c.40,261,,No
262,c.41,262,,No
