Original_Column,GRN_Label,Auth_Seq_ID,Helix_in_Ref,Is_Pivot
1,n.4,1,N/A,No
2,n.3,2,N/A,No
3,n.2,3,N/A,No
4,n.1,4,N/A,No
5,1.43,5,1,No
6,1.44,6,1,No
7,1.45,7,1,No
8,1.46,8,1,No
9,1.47,9,1,No
10,1.48,10,1,No
11,1.49,11,1,No
12,1.50,12,1,Yes
13,1.51,13,1,No
14,1.52,14,1,No
15,1.53,15,1,No
16,1.54,16,1,No
17,1.55,17,1,No
18,1.56,18,1,No
19,1.57,19,1,No
20,1.58,20,1,No
21,1.59,21,1,No
22,1.60,22,1,No
23,1.61,23,1,No
24,1.62,24,1,No
25,1.63,25,1,No
26,12.001,26,N/A,No
27,12.002,27,N/A,No
28,12.003,28,N/A,No
29,12.004,29,N/A,No
30,12.005,30,N/A,No
31,12.006,31,N/A,No
32,12.007,32,N/A,No
33,12.008,33,N/A,No
34,12.009,34,N/A,No
35,2.45,35,2,No
36,2.46,36,2,No
37,2.47,37,2,No
38,2.48,38,2,No
39,2.49,39,2,No
40,2.50,40,2,Yes
41,2.51,41,2,No
42,2.52,42,2,No
43,2.53,43,2,No
44,2.54,44,2,No
45,2.55,45,2,No
46,2.56,46,2,No
47,2.57,47,2,No
48,2.58,48,2,No
49,2.59,49,2,No
50,2.60,50,2,No
51,2.61,51,2,No
52,23.001,52,N/A,No
53,23.002,53,N/A,No
54,23.003,54,N/A,No
55,23.004,55,N/A,No
56,23.005,56,N/A,No
57,23.006,57,N/A,No
58,23.007,58,N/A,No
59,23.008,59,N/A,No
60,23.009,60,N/A,No
61,23.010,61,N/A,No
62,23.011,62,N/A,No
63,23.012,63,N/A,No
64,23.013,64,N/A,No
65,23.014,65,N/A,No
66,23.015,66,N/A,No
67,23.016,67,N/A,No
68,23.017,68,N/A,No
69,23.018,69,N/A,No
70,23.019,70,N/A,No
71,23.020,71,N/A,No
72,23.021,72,N/A,No
73,23.022,73,N/A,No
74,3.40,74,3,No
75,3.41,75,3,No
76,3.42,76,3,No
77,3.43,77,3,No
78,3.44,78,3,No
79,3.45,79,3,No
80,3.46,80,3,No
81,3.47,81,3,No
82,3.48,82,3,No
83,3.49,83,3,No
84,3.50,84,3,Yes
85,3.51,85,3,No
86,3.52,86,3,No
87,3.53,87,3,No
88,3.54,88,3,No
89,3.55,89,3,No
90,3.56,90,3,No
91,3.57,91,3,No
92,34.001,92,N/A,No
93,34.002,93,N/A,No
94,34.003,94,N/A,No
95,34.004,95,N/A,No
96,34.005,96,N/A,No
97,34.006,97,N/A,No
98,34.007,98,N/A,No
99,34.008,99,N/A,No
100,34.009,100,N/A,No
101,34.010,101,N/A,No
102,34.011,102,N/A,No
103,34.012,103,N/A,No
104,34.013,104,N/A,No
105,34.014,105,N/A,No
106,4.40,106,4,No
107,4.41,107,4,No
108,4.42,108,4,No
109,4.43,109,4,No
110,4.44,110,4,No
111,4.45,111,4,No
112,4.46,112,4,No
113,4.47,113,4,No
114,4.48,114,4,No
115,4.49,115,4,No
116,4.50,116,4,Yes
117,4.51,117,4,No
118,4.52,118,4,No
119,4.53,119,4,No
120,4.54,120,4,No
121,4.55,121,4,No
122,4.56,122,4,No
123,4.57,123,4,No
124,4.58,124,4,No
125,45.001,125,N/A,No
126,45.002,126,N/A,No
127,45.003,127,N/A,No
128,45.004,128,N/A,No
129,45.005,129,N/A,No
130,45.006,130,N/A,No
131,45.007,131,N/A,No
132,5.44,132,5,No
133,5.45,133,5,No
134,5.46,134,5,No
135,5.47,135,5,No
136,5.48,136,5,No
137,5.49,137,5,No
138,5.50,138,5,Yes
139,5.51,139,5,No
140,5.52,140,5,No
141,5.53,141,5,No
142,5.54,142,5,No
143,5.55,143,5,No
144,5.56,144,5,No
145,5.57,145,5,No
146,5.58,146,5,No
147,5.59,147,5,No
148,5.60,148,5,No
149,5.61,149,5,No
150,5.62,150,5,No
151,56.001,151,N/A,No
152,56.002,152,N/A,No
153,56.003,153,N/A,No
154,56.004,154,N/A,No
155,56.005,155,N/A,No
156,56.006,156,N/A,No
157,56.007,157,N/A,No
158,56.008,158,N/A,No
159,56.009,159,N/A,No
160,56.010,160,N/A,No
161,56.011,161,N/A,No
162,56.012,162,N/A,No
163,56.013,163,N/A,No
164,56.014,164,N/A,No
165,56.015,165,N/A,No
166,56.016,166,N/A,No
167,56.017,167,N/A,No
168,6.38,168,6,No
169,6.39,169,6,No
170,6.40,170,6,No
171,6.41,171,6,No
172,6.42,172,6,No
173,6.43,173,6,No
174,6.44,174,6,No
175,6.45,175,6,No
176,6.46,176,6,No
177,6.47,177,6,No
178,6.48,178,6,No
179,6.49,179,6,No
180,6.50,180,6,Yes
181,6.51,181,6,No
182,6.52,182,6,No
183,6.53,183,6,No
184,6.54,184,6,No
185,6.55,185,6,No
186,6.56,186,6,No
187,6.57,187,6,No
188,67.001,188,N/A,No
189,67.002,189,N/A,No
190,67.003,190,N/A,No
191,67.004,191,N/A,No
192,67.005,192,N/A,No
193,67.006,193,N/A,No
194,67.007,194,N/A,No
195,67.008,195,N/A,No
196,67.009,196,N/A,No
197,67.010,197,N/A,No
198,67.011,198,N/A,No
199,67.012,199,N/A,No
200,67.013,200,N/A,No
201,67.014,201,N/A,No
202,67.015,202,N/A,No
203,7.39,203,7,No
204,7.40,204,7,No
205,7.41,205,7,No
206,7.42,206,7,No
207,7.43,207,7,No
208,7.44,208,7,No
209,7.45,209,7,No
210,7.46,210,7,No
211,7.47,211,7,No
212,7.48,212,7,No
213,7.49,213,7,No
214,7.50,214,7,Yes
215,7.51,215,7,No
216,7.52,216,7,No
217,7.53,217,7,No
218,7.54,218,7,No
219,7.55,219,7,No
220,7.56,220,7,No
221,7.57,221,7,No
222,7.58,222,7,No
223,c.1,223,N/A,No
224,c.2,224,N/A,No
225,c.3,225,N/A,No
226,c.4,226,N/A,No
227,c.5,227,N/A,No
228,c.6,228,N/A,No
229,c.7,229,N/A,No
230,c.8,230,N/A,No
231,c.9,231,N/A,No
232,c.10,232,N/A,No
233,c.11,233,N/A,No
234,c.12,234,N/A,No
235,c.13,235,N/A,No
236,c.14,236,N/A,No
237,c.15,237,N/A,No
238,c.16,238,N/A,No
239,c.17,239,N/A,No
240,c.18,240,N/A,No
241,c.19,241,N/A,No
242,c.20,242,N/A,No
243,c.21,243,N/A,No
244,c.22,244,N/A,No
245,c.23,245,N/A,No
246,c.24,246,N/A,No
247,c.25,247,N/A,No
248,c.26,248,N/A,No
249,c.27,249,N/A,No
250,c.28,250,N/A,No
251,c.29,251,N/A,No
252,c.30,252,N/A,No
253,c.31,253,N/A,No
254,c.32,254,N/A,No
255,c.33,255,N/A,No
256,c.34,256,N/A,No
257,c.35,257,N/A,No
258,c.36,258,N/A,No
259,c.37,259,N/A,No
260,c.38,260,N/A,No
261,c.39,261,N/A,No
262,c.40,262,N/A,No
